id,jugador,equipo,partidos_jugados,minutos,puntos,rebotes,asistencias,robos,tapones,triples_anotados,pct_tiro_campo,pct_tiro_libre,perdidas
1630639,A.J. Lawson,TOR,24,9.4,4.2,1.8,0.3,0.5,0.2,0.8,0.436,0.778,0.3
1631260,AJ Green,MIL,78,29.1,10.4,2.7,1.9,0.5,0.1,3.0,0.424,0.855,1.0
1642358,AJ Johnson,DAL,48,9.4,3.3,1.1,1.0,0.2,0.1,0.3,0.324,0.85,0.6
203932,Aaron Gordon,DEN,36,27.9,16.2,5.8,2.7,0.6,0.3,1.7,0.497,0.767,1.1
1628988,Aaron Holiday,HOU,57,13.7,5.5,1.0,1.1,0.5,0.1,1.2,0.417,0.854,0.7
1630174,Aaron Nesmith,IND,45,29.7,13.8,4.2,1.9,0.6,0.5,2.3,0.414,0.829,1.4
1630598,Aaron Wiggins,OKC,65,21.8,9.4,3.1,1.7,0.9,0.4,1.5,0.431,0.736,1.2
1642846,Ace Bailey,UTA,72,27.6,13.8,4.2,1.8,0.8,0.7,1.9,0.443,0.75,1.5
1642380,Adama Bal,MEM,8,30.2,10.4,3.1,2.4,1.1,0.1,2.3,0.412,0.9,0.8
1641737,Adem Bona,PHI,71,17.4,4.8,4.3,0.5,0.4,1.2,0.0,0.595,0.708,0.8
1642876,Adou Thiero,LAL,25,6.0,1.9,1.1,0.4,0.3,0.1,0.0,0.516,0.636,0.4
1642349,Ajay Mitchell,OKC,57,25.8,13.6,3.3,3.6,1.2,0.3,1.1,0.485,0.87,1.4
201143,Al Horford,GSW,45,21.5,8.3,4.9,2.6,0.7,1.1,1.6,0.426,0.846,0.9
1630828,Alex Antetokounmpo,MIL,6,3.4,3.2,1.0,0.2,0.0,0.2,0.3,0.375,0.733,0.2
1627936,Alex Caruso,OKC,56,18.2,6.2,2.8,2.0,1.3,0.3,0.9,0.423,0.804,0.9
1631457,Alex Morales,ORL,4,5.9,2.0,0.8,1.0,0.0,0.0,0.0,0.429,1.0,1.0
1642259,Alex Sarr,WAS,48,27.2,16.3,7.4,2.7,0.8,2.0,1.0,0.482,0.692,1.7
1642918,Alijah Martin,TOR,23,6.3,2.2,0.9,0.5,0.3,0.2,0.2,0.32,0.789,0.3
1631214,Alondes Williams,WAS,4,25.2,11.0,6.3,3.0,0.8,0.8,1.3,0.615,0.875,1.3
1630578,Alperen Sengun,HOU,72,33.3,20.4,8.9,6.2,1.2,1.1,0.6,0.519,0.691,3.2
1642873,Amari Williams,BOS,22,6.6,1.4,1.8,0.5,0.1,0.5,0.0,0.5,0.714,0.5
1641708,Amen Thompson,HOU,79,37.4,18.3,7.8,5.3,1.5,0.6,0.3,0.534,0.779,2.4
1629599,Amir Coffey,PHX,46,10.7,3.2,1.2,0.6,0.2,0.1,0.4,0.487,0.786,0.2
1643158,Andersson Garcia,UTA,5,33.8,5.2,8.4,2.8,1.6,0.8,0.2,0.31,0.778,1.4
203083,Andre Drummond,PHI,63,19.5,6.4,8.4,1.3,0.6,0.8,0.5,0.472,0.631,1.0
1641748,Andre Jackson Jr.,MIL,48,8.5,2.4,1.5,0.9,0.4,0.1,0.3,0.328,0.625,0.6
1629614,Andrew Nembhard,IND,57,31.3,16.9,2.8,7.7,0.9,0.1,1.9,0.442,0.825,2.4
203952,Andrew Wiggins,MIA,68,30.3,15.4,4.8,2.7,1.1,1.0,2.0,0.475,0.784,1.5
1629014,Anfernee Simons,CHI,55,24.9,14.3,2.5,2.4,0.5,0.1,2.7,0.44,0.896,1.2
1641710,Anthony Black,ORL,64,29.8,15.0,3.8,3.7,1.4,0.7,1.6,0.447,0.732,2.1
203076,Anthony Davis,WAS,20,31.3,20.4,11.1,2.8,1.1,1.7,0.5,0.506,0.728,2.1
1630162,Anthony Edwards,MIN,61,35.0,28.8,5.0,3.7,1.4,0.8,3.4,0.489,0.796,2.9
1630264,Anthony Gill,WAS,55,17.3,5.8,2.9,1.3,0.6,0.4,0.3,0.628,0.739,0.7
1641810,Antonio Reeves,CHA,10,6.8,2.7,0.8,0.3,0.1,0.0,0.7,0.5,0.0,0.1
1630574,Ariel Hukporti,NYK,54,9.2,2.2,2.9,0.5,0.2,0.5,0.0,0.563,0.788,0.6
1642854,Asa Newell,ATL,44,11.4,5.2,2.2,0.6,0.4,0.3,0.7,0.538,0.552,0.5
1641709,Ausar Thompson,DET,73,26.0,9.9,5.7,3.1,2.0,0.9,0.1,0.525,0.571,1.5
1630559,Austin Reaves,LAL,51,34.5,23.3,4.7,5.5,1.1,0.4,2.3,0.49,0.871,3.0
1630245,Ayo Dosunmu,MIN,69,27.3,14.8,3.4,3.6,0.8,0.3,1.8,0.517,0.876,1.4
1628389,Bam Adebayo,MIA,73,32.4,20.1,10.0,3.2,1.2,0.7,1.7,0.442,0.778,1.6
1631248,Baylor Scheierman,BOS,77,18.6,5.5,3.5,1.5,0.5,0.1,1.3,0.453,0.903,0.6
1642879,Ben Saraf,BKN,44,20.8,7.5,2.1,3.3,0.9,0.2,0.4,0.396,0.83,2.3
1641767,Ben Sheppard,IND,65,21.4,7.1,3.0,1.8,0.6,0.1,1.3,0.434,0.765,0.6
1631097,Bennedict Mathurin,LAC,54,30.0,17.6,5.4,2.4,0.8,0.2,1.4,0.43,0.869,2.2
1643016,Bez Mbeng,UTA,15,32.8,8.1,3.8,4.1,2.3,0.3,0.4,0.5,0.64,1.5
1641731,Bilal Coulibaly,WAS,56,26.2,11.7,4.3,2.6,1.3,1.0,1.2,0.425,0.746,1.4
202687,Bismack Biyombo,SAS,25,5.7,0.9,1.0,0.2,0.2,0.1,0.0,0.6,0.714,0.3
1642396,Blake Hinson,UTA,14,20.4,11.9,2.4,1.1,0.4,0.1,2.6,0.513,0.75,0.4
1631104,Blake Wesley,POR,31,11.6,4.8,1.3,2.0,0.5,0.2,0.3,0.452,0.553,1.0
1626171,Bobby Portis Jr.,MIL,67,24.2,13.7,6.4,1.6,0.6,0.2,2.0,0.488,0.706,1.0
1641752,Bobi Klintman,DET,12,5.9,1.8,1.6,0.5,0.3,0.0,0.3,0.333,0.0,0.5
203992,Bogdan Bogdanović,LAC,23,19.7,7.4,2.6,2.2,0.4,0.1,1.4,0.388,0.8,1.2
1630538,Bones Hyland,MIN,71,16.6,8.5,1.8,2.6,0.6,0.2,1.6,0.453,0.78,1.0
203078,Bradley Beal,LAC,6,20.2,8.2,0.8,1.7,0.5,0.0,1.2,0.375,0.75,1.5
1642382,Branden Carlson,OKC,42,11.6,5.8,3.0,0.7,0.2,0.6,0.7,0.527,0.577,0.4
1641764,Brandin Podziemski,GSW,82,28.4,13.8,5.1,3.7,1.1,0.2,1.9,0.455,0.797,1.6
1629634,Brandon Clarke,MEM,2,10.2,4.0,3.0,0.5,1.0,0.0,0.0,0.333,0.5,0.0
1627742,Brandon Ingram,TOR,77,33.8,21.5,5.6,3.7,0.8,0.7,1.8,0.477,0.82,2.4
1641706,Brandon Miller,CHA,65,30.3,20.2,4.9,3.3,1.0,0.7,3.1,0.435,0.892,2.5
1630314,Brandon Williams,DAL,66,22.2,13.0,2.9,3.9,0.9,0.3,0.5,0.472,0.793,1.9
1641729,Brice Sensabaugh,UTA,75,23.5,14.9,3.1,1.9,0.7,0.2,2.2,0.46,0.826,1.7
1642355,Bronny James,LAL,42,8.9,2.9,0.5,1.2,0.5,0.1,0.5,0.409,0.857,0.6
201572,Brook Lopez,LAC,75,21.8,8.5,3.6,1.3,0.6,1.2,1.5,0.428,0.757,0.8
1642964,Brooks Barnhizer,OKC,40,8.7,1.7,2.0,0.6,0.3,0.1,0.2,0.38,0.7,0.3
1628971,Bruce Brown,DEN,82,24.4,7.9,3.9,2.1,1.0,0.2,0.7,0.475,0.762,1.1
1631121,Bryce McGowens,NOP,42,21.0,8.1,2.1,1.5,0.6,0.2,0.9,0.481,0.779,0.4
1642267,Bub Carrington,WAS,82,27.7,10.7,3.4,4.6,0.6,0.2,2.1,0.424,0.73,2.3
1631205,Buddy Boeheim,OKC,4,3.8,1.5,0.0,0.0,0.0,0.0,0.5,0.333,0.0,0.0
1627741,Buddy Hield,ATL,51,16.1,7.6,2.3,1.4,0.8,0.2,1.5,0.437,0.811,0.9
1643047,CJ Huntley,PHX,4,10.1,3.0,1.3,0.5,0.3,0.0,0.0,0.545,0.0,0.0
203468,CJ McCollum,ATL,76,29.8,18.7,3.3,3.9,0.8,0.5,2.5,0.455,0.772,1.8
1630595,Cade Cunningham,DET,64,33.9,23.9,5.5,9.9,1.4,0.8,2.0,0.461,0.812,3.7
1631216,Caleb Houstan,ATL,18,4.2,2.3,0.6,0.2,0.1,0.1,0.6,0.538,1.0,0.2
1631126,Caleb Love,POR,49,20.7,10.4,2.3,2.5,0.6,0.1,1.9,0.388,0.735,1.3
1628997,Caleb Martin,DAL,58,14.8,3.9,2.5,1.4,0.7,0.3,0.3,0.45,0.607,0.7
1642353,Cam Christie,LAC,55,8.7,2.8,1.4,0.6,0.3,0.1,0.2,0.381,0.76,0.4
1642285,Cam Spencer,MEM,72,23.8,11.1,2.5,5.6,0.7,0.2,2.0,0.473,0.94,1.3
1630560,Cam Thomas,MIL,42,21.0,13.5,1.7,2.6,0.2,0.1,1.2,0.41,0.811,1.8
1641715,Cam Whitmore,WAS,21,16.9,9.2,2.8,0.7,0.7,0.4,0.8,0.456,0.742,0.9
1629661,Cameron Johnson,DEN,54,30.5,12.2,3.8,2.4,0.7,0.4,2.0,0.48,0.839,0.9
1626166,Cameron Payne,PHI,22,17.0,7.4,2.0,2.6,1.1,0.3,1.5,0.376,0.864,0.5
1627747,Caris LeVert,DET,60,19.2,7.4,2.0,2.7,0.9,0.7,1.0,0.417,0.679,1.4
1642868,Carter Bryant,SAS,71,11.5,4.2,2.5,0.7,0.2,0.3,0.7,0.408,0.714,0.5
1641717,Cason Wallace,OKC,77,26.6,8.6,3.1,2.6,1.9,0.4,1.3,0.432,0.809,0.9
1642907,Cedric Coward,MEM,62,25.8,13.6,5.9,2.8,0.6,0.4,1.5,0.471,0.843,1.7
1643052,Chaney Johnson,BKN,17,20.4,8.2,4.6,2.1,0.9,0.5,0.5,0.543,0.8,1.2
1629646,Charles Bassey,GSW,13,11.7,5.8,4.4,0.5,0.3,0.8,0.0,0.66,0.7,0.5
1642404,Chaz Lanier,DET,34,7.7,2.4,0.7,0.5,0.2,0.0,0.6,0.315,0.833,0.1
1631096,Chet Holmgren,OKC,69,28.9,17.1,8.9,1.7,0.6,1.9,1.3,0.557,0.792,1.6
1628449,Chris Boucher,BOS,9,10.5,2.3,2.0,0.3,0.6,0.8,0.2,0.32,0.75,0.1
1641753,Chris Livingston,CLE,3,5.8,3.0,1.0,0.3,0.3,0.0,0.0,0.571,1.0,0.0
1643024,Chris Mañon,LAL,9,5.1,0.8,1.1,0.3,0.6,0.2,0.0,0.333,0.75,0.1
101108,Chris Paul,LAC,16,14.2,2.9,1.8,3.3,0.7,0.0,0.6,0.321,0.5,1.0
1642959,Chris Youngblood,POR,34,5.4,2.1,0.8,0.4,0.1,0.1,0.5,0.349,0.9,0.1
1631128,Christian Braun,DEN,44,31.8,12.0,4.8,2.7,0.7,0.3,1.0,0.519,0.782,1.0
1631132,Christian Koloko,ATL,27,13.2,2.7,3.0,0.7,0.5,0.9,0.0,0.419,0.667,0.6
1642935,Chucky Hepburn,TOR,2,6.6,0.0,0.5,1.0,0.5,0.0,0.0,0.0,0.0,0.5
203991,Clint Capela,HOU,75,12.3,3.8,4.6,0.7,0.5,0.8,0.0,0.52,0.577,0.5
1629632,Coby White,CHA,50,25.0,17.4,3.4,4.0,0.5,0.1,2.3,0.446,0.817,2.6
1628998,Cody Martin,IND,4,13.8,1.8,3.5,0.5,1.0,0.5,0.0,0.2,0.5,1.0
1642262,Cody Williams,UTA,67,24.3,8.8,3.0,2.0,0.8,0.4,0.4,0.468,0.706,1.1
1641732,Colby Jones,DET,1,6.8,2.0,4.0,2.0,0.0,0.0,0.0,0.333,0.0,0.0
1630175,Cole Anthony,MIL,35,15.0,6.7,2.5,3.5,0.6,0.3,0.6,0.424,0.615,1.9
1630658,Colin Castleton,ORL,4,5.3,1.3,2.0,0.3,0.3,0.0,0.0,0.4,1.0,0.5
1631221,Collin Gillespie,PHX,80,28.5,12.7,4.1,4.6,1.2,0.2,2.9,0.418,0.874,1.6
1642867,Collin Murray-Boyles,TOR,57,21.9,8.5,5.0,1.9,0.9,0.9,0.3,0.579,0.657,1.0
1629012,Collin Sexton,CHI,68,23.7,15.4,2.3,3.3,1.1,0.1,1.6,0.485,0.855,2.1
1642843,Cooper Flagg,DAL,70,33.5,21.0,6.7,4.5,1.2,0.9,1.0,0.468,0.827,2.3
1630557,Corey Kispert,ATL,58,18.6,9.2,2.3,1.6,0.3,0.2,1.5,0.467,0.794,0.8
1642504,Cormac Ryan,MIL,11,24.6,14.3,2.5,1.7,1.0,0.3,2.5,0.52,0.923,1.5
1641854,Craig Porter Jr.,CLE,64,17.9,4.5,3.4,3.2,0.9,0.6,0.5,0.45,0.6,0.9
1642938,Curtis Jones,DEN,10,8.8,2.9,1.1,1.0,0.4,0.0,0.6,0.407,0.5,0.2
1626156,D'Angelo Russell,WAS,26,19.0,10.2,2.3,4.0,0.5,0.1,1.3,0.405,0.717,1.9
1629610,DaQuan Jeffries,SAC,3,20.0,10.3,1.7,0.3,0.7,0.0,1.3,0.579,1.0,0.0
1641747,DaRon Holmes II,DEN,25,8.4,3.7,1.4,0.6,0.0,0.2,0.8,0.508,0.786,0.5
1631342,Daeqwon Plowden,SAC,32,26.4,10.8,3.0,1.3,0.7,0.2,1.9,0.43,0.857,0.8
1630625,Dalano Banton,BOS,6,10.3,2.0,0.8,1.8,0.3,0.8,0.0,0.333,1.0,1.3
1631207,Dalen Terry,PHI,48,11.5,3.7,1.8,1.4,0.6,0.3,0.5,0.439,0.533,0.5
1642261,Dalton Knecht,LAL,54,10.2,4.2,1.4,0.4,0.2,0.2,0.7,0.455,0.727,0.4
1629655,Daniel Gafford,DAL,55,21.7,9.5,6.9,1.1,0.8,1.3,0.0,0.655,0.683,1.1
1642450,Daniss Jenkins,DET,72,20.2,9.3,2.3,3.9,0.9,0.2,1.0,0.408,0.832,1.6
1642874,Danny Wolf,BKN,57,20.8,8.9,4.9,2.2,0.5,0.6,1.2,0.405,0.771,1.3
203967,Dario Saric,SAC,5,8.2,1.0,1.2,0.4,0.0,0.0,0.2,0.167,1.0,0.4
1641727,Dariq Whitehead,MEM,6,30.5,16.3,4.0,1.5,0.7,0.0,3.2,0.398,0.714,1.7
1642468,Darius Brown II,CLE,1,2.7,0.0,1.0,0.0,0.0,0.0,0.0,0.0,0.0,0.0
1629636,Darius Garland,LAC,45,29.9,18.8,2.4,6.7,1.0,0.2,2.7,0.46,0.861,2.9
1642357,David Jones Garcia,SAS,11,6.2,2.9,1.2,1.6,0.5,0.1,0.3,0.52,0.5,0.5
1631223,David Roddy,DEN,5,14.6,8.0,4.0,0.8,0.8,0.2,0.6,0.5,1.0,0.4
1630558,Davion Mitchell,MIA,70,28.6,9.3,2.7,6.5,1.0,0.2,1.3,0.49,0.646,1.5
1630549,Day'Ron Sharpe,BKN,62,18.7,8.7,6.7,2.3,1.1,0.4,0.1,0.601,0.678,1.7
1628368,De'Aaron Fox,SAS,72,31.0,18.6,3.8,6.2,1.2,0.3,1.8,0.486,0.76,2.3
1629631,De'Andre Hunter,SAC,45,26.1,13.7,4.1,2.0,0.7,0.1,1.7,0.415,0.867,1.7
1629001,De'Anthony Melton,GSW,49,23.0,12.3,3.2,2.6,1.6,0.4,1.5,0.407,0.826,1.9
201599,DeAndre Jordan,NOP,12,16.6,4.4,6.3,0.9,0.3,0.8,0.0,0.656,0.647,0.8
1630610,DeJon Jarreau,MEM,11,21.0,8.0,4.6,3.3,0.9,0.7,0.4,0.398,0.783,2.4
201942,DeMar DeRozan,SAC,77,31.2,18.4,2.9,4.1,1.0,0.3,0.6,0.497,0.868,1.2
1629731,Dean Wade,CLE,59,22.3,5.8,4.2,1.5,0.7,0.4,1.2,0.439,0.711,0.3
1629028,Deandre Ayton,LAL,72,27.2,12.5,8.0,0.8,0.6,1.0,0.0,0.671,0.645,1.2
1627749,Dejounte Murray,NOP,14,27.8,16.7,5.4,6.4,1.6,0.2,1.4,0.484,0.867,3.4
1630166,Deni Avdija,POR,66,33.3,24.2,6.9,6.7,0.8,0.6,1.9,0.462,0.802,3.8
203471,Dennis Schröder,CLE,70,24.2,10.8,2.7,4.9,0.8,0.2,1.1,0.405,0.834,1.8
1641726,Dereck Lively II,DAL,7,16.5,4.3,5.3,1.9,0.6,1.6,0.0,0.611,0.8,1.4
1642852,Derik Queen,NOP,81,25.0,11.7,7.1,3.7,1.0,0.9,0.3,0.473,0.795,2.3
1627884,Derrick Jones Jr.,LAC,50,27.0,10.1,3.5,1.4,0.9,1.0,1.1,0.499,0.763,0.8
1628401,Derrick White,BOS,77,34.1,16.5,4.4,5.4,1.1,1.3,2.7,0.394,0.902,1.7
1630217,Desmond Bane,ORL,82,33.6,20.1,4.1,4.1,1.0,0.5,2.0,0.484,0.908,2.0
1626164,Devin Booker,PHX,64,33.5,26.1,3.9,6.0,0.8,0.3,1.9,0.456,0.873,3.1
1642269,Devin Carter,SAC,38,18.4,8.9,3.3,2.7,0.9,0.2,0.8,0.414,0.713,1.4
1630170,Devin Vassell,SAS,67,30.5,13.9,4.0,2.5,0.9,0.4,2.5,0.437,0.815,0.9
1628415,Dillon Brooks,PHX,56,30.4,20.2,3.6,1.8,1.0,0.2,2.3,0.435,0.842,1.8
1641794,Dillon Jones,NYK,7,5.6,1.3,1.0,0.6,0.4,0.0,0.1,0.222,1.0,0.0
1627734,Domantas Sabonis,SAC,19,29.7,15.8,11.4,4.1,0.9,0.2,0.3,0.543,0.727,2.7
1631230,Dominick Barlow,PHI,71,23.8,7.7,4.8,1.2,0.9,0.7,0.3,0.539,0.718,0.8
1642270,Donovan Clingan,POR,77,27.2,12.1,11.6,2.1,0.6,1.7,1.1,0.52,0.68,1.2
1628378,Donovan Mitchell,CLE,70,33.5,27.9,4.5,5.7,1.5,0.3,3.2,0.483,0.865,2.8
1628978,Donte DiVincenzo,MIN,82,30.4,12.2,4.1,3.8,1.3,0.4,3.0,0.406,0.743,1.4
1627827,Dorian Finney-Smith,HOU,37,16.8,3.3,2.5,1.0,0.4,0.2,0.7,0.333,0.889,0.6
203926,Doug McDermott,SAC,29,15.1,5.7,1.3,0.8,0.2,0.1,1.7,0.388,0.889,0.4
1642962,Drake Powell,BKN,63,20.9,6.5,1.8,1.4,0.6,0.2,0.8,0.402,0.896,1.0
203110,Draymond Green,GSW,68,27.5,8.4,5.5,5.5,0.9,0.6,1.5,0.418,0.702,2.7
1629234,Drew Eubanks,SAC,42,13.1,5.2,3.0,0.5,0.4,0.6,0.0,0.596,0.561,0.7
1641809,Drew Peterson,CHA,6,10.7,0.8,1.5,0.3,0.5,0.2,0.0,0.125,0.5,0.0
1631166,Drew Timme,LAL,27,8.7,3.4,1.2,0.9,0.2,0.0,0.4,0.576,0.556,0.5
1630696,Dru Smith,MIA,70,16.3,5.6,2.5,2.6,1.4,0.3,0.5,0.415,0.829,0.8
1629130,Duncan Robinson,DET,77,27.4,12.2,2.7,2.1,0.6,0.3,2.9,0.456,0.755,0.7
1641871,Duop Reath,POR,32,8.1,2.9,1.2,0.3,0.2,0.3,0.7,0.446,0.833,0.2
203939,Dwight Powell,DAL,63,14.4,3.3,4.1,1.1,0.5,0.3,0.0,0.644,0.696,0.7
1642928,Dylan Cardwell,SAC,44,20.6,5.4,7.5,1.4,0.7,1.5,0.0,0.587,0.51,0.9
1642844,Dylan Harper,SAS,69,22.6,11.8,3.4,3.9,0.8,0.3,0.9,0.505,0.756,1.4
1630700,Dyson Daniels,ATL,76,33.2,11.9,6.8,5.9,2.0,0.4,0.3,0.517,0.615,1.8
1630604,E.J. Liddell,BKN,26,13.4,5.7,2.7,0.9,0.2,0.4,0.7,0.486,0.808,0.6
1642856,Egor Dëmin,BKN,52,25.2,10.3,3.2,3.3,0.8,0.3,2.4,0.399,0.831,1.7
1641989,Elijah Harkless,UTA,26,21.0,6.8,2.0,2.9,1.2,0.2,0.8,0.335,0.766,1.0
1641801,Emanuel Miller,SAS,5,6.6,3.0,0.6,0.8,0.4,0.0,0.4,0.462,0.5,0.0
1642402,Enrique Freeman,MIN,4,9.3,3.3,2.5,0.5,0.5,0.8,0.5,0.5,0.75,0.5
201569,Eric Gordon,PHI,6,12.3,5.5,0.3,0.5,0.7,0.2,1.3,0.571,0.5,0.5
1630679,Ethan Thompson,IND,32,20.4,7.0,2.2,1.8,0.6,0.3,1.2,0.378,0.787,0.8
1630596,Evan Mobley,CLE,65,31.9,18.2,9.0,3.6,0.7,1.7,1.0,0.546,0.606,1.9
1630532,Franz Wagner,ORL,34,30.0,20.6,5.2,3.3,0.9,0.3,1.4,0.481,0.823,1.7
1641713,GG Jackson,MEM,55,21.4,12.5,4.3,1.5,0.6,0.8,1.2,0.496,0.742,1.5
1629216,Gabe Vincent,ATL,53,16.6,4.4,1.0,1.4,0.5,0.1,1.1,0.352,0.87,0.5
202066,Garrett Temple,TOR,22,3.3,0.8,0.4,0.4,0.2,0.1,0.1,0.267,0.667,0.3
1629726,Garrison Mathews,IND,15,13.1,5.2,1.1,0.7,0.4,0.2,1.1,0.404,0.826,0.2
203914,Gary Harris,MIL,48,13.8,2.7,1.3,1.1,0.6,0.2,0.6,0.442,0.889,0.4
1627780,Gary Payton II,GSW,73,15.6,7.5,3.6,1.7,0.9,0.3,0.5,0.583,0.65,0.8
1629018,Gary Trent Jr.,MIL,65,21.2,8.1,1.0,1.2,0.5,0.0,1.9,0.387,0.769,0.6
203507,Giannis Antetokounmpo,MIL,36,28.9,27.6,9.8,5.4,0.9,0.7,0.4,0.624,0.65,3.2
1629048,Goga Bitadze,ORL,64,15.2,5.9,5.0,1.3,0.6,1.0,0.0,0.676,0.711,0.7
1641711,Gradey Dick,TOR,76,14.0,6.0,1.9,0.7,0.6,0.1,0.7,0.419,0.875,0.6
1641761,Grant Nelson,BKN,4,8.8,4.3,1.5,1.3,0.3,1.3,0.0,0.556,0.7,1.0
1629684,Grant Williams,CHA,36,19.8,7.0,3.9,1.6,0.5,0.5,1.4,0.426,0.815,0.9
1628960,Grayson Allen,PHX,51,28.8,16.5,3.0,3.8,1.4,0.3,3.1,0.403,0.857,1.6
1627824,Guerschon Yabusele,CHI,67,15.0,5.6,3.5,0.9,0.4,0.2,1.0,0.401,0.75,0.6
1630611,Gui Santos,GSW,68,20.5,9.2,3.9,2.3,0.9,0.3,1.1,0.5,0.725,1.5
203084,Harrison Barnes,SAS,77,25.8,9.9,2.8,1.9,0.6,0.2,1.8,0.456,0.829,0.8
1631127,Harrison Ingram,SAS,7,3.7,1.6,0.4,0.1,0.0,0.0,0.1,0.833,0.0,0.1
1643060,Hayden Gray,UTA,1,24.8,6.0,0.0,1.0,1.0,1.0,0.0,0.667,1.0,1.0
1629312,Haywood Highsmith,PHX,7,13.0,5.4,1.9,1.0,0.6,0.0,1.1,0.522,0.857,0.0
1630529,Herbert Jones,NOP,56,28.4,8.9,3.4,2.8,1.6,0.5,1.4,0.383,0.806,1.3
1642864,Hugo González,BOS,74,14.6,3.9,3.3,0.5,0.6,0.3,0.6,0.476,0.5,0.5
1630621,Hunter Dickinson,NOP,5,8.5,2.4,1.0,0.4,0.2,0.4,0.0,0.357,1.0,0.6
1642282,Hunter Sallis,PHI,7,3.7,1.0,0.1,0.6,0.0,0.1,0.0,0.6,0.5,0.7
1641816,Hunter Tyson,DEN,21,7.7,2.2,1.7,0.8,0.1,0.0,0.3,0.269,0.846,0.2
1630193,Immanuel Quickley,TOR,70,31.9,16.4,4.0,5.9,1.3,0.1,2.5,0.443,0.821,1.5
1642403,Isaac Jones,DET,7,5.1,1.3,0.7,0.1,0.0,0.1,0.0,0.429,0.75,0.1
1630171,Isaac Okoro,CHI,63,26.9,9.3,2.7,1.6,0.7,0.5,1.2,0.46,0.795,0.7
1642268,Isaiah Collier,UTA,59,25.7,11.7,2.5,7.2,1.1,0.3,0.5,0.495,0.722,2.5
1642384,Isaiah Crawford,HOU,14,6.6,2.0,1.1,0.4,0.1,0.2,0.2,0.417,0.833,0.3
1628392,Isaiah Hartenstein,OKC,47,24.2,9.2,9.4,3.5,1.0,0.8,0.0,0.622,0.61,1.7
1630543,Isaiah Jackson,LAC,55,16.5,6.7,5.3,0.9,0.7,0.9,0.0,0.637,0.648,1.1
1630198,Isaiah Joe,OKC,71,21.2,11.1,2.5,1.3,0.7,0.2,2.5,0.455,0.894,0.6
1630587,Isaiah Livers,PHX,36,9.6,1.8,1.7,0.6,0.4,0.2,0.3,0.344,0.75,0.3
1641815,Isaiah Stevens,SAC,3,14.3,3.3,1.0,3.3,1.7,0.0,0.0,0.429,1.0,0.7
1630191,Isaiah Stewart,DET,58,22.7,10.0,5.0,1.1,0.3,1.6,0.7,0.55,0.756,1.2
1627826,Ivica Zubac,IND,48,30.1,14.1,10.6,2.2,0.4,0.8,0.0,0.598,0.711,1.8
1631120,JD Davison,HOU,28,7.8,2.5,1.2,1.3,0.2,0.2,0.3,0.375,0.684,0.3
1629630,Ja Morant,MEM,20,28.4,19.5,3.3,8.1,1.0,0.3,1.0,0.41,0.897,3.6
1642266,Ja'Kobe Walter,TOR,72,20.5,7.5,2.6,1.2,1.0,0.2,1.5,0.446,0.789,0.5
1631095,Jabari Smith Jr.,HOU,77,35.1,15.8,6.9,1.9,0.7,0.9,2.3,0.449,0.775,1.4
1631133,Jabari Walker,PHI,64,11.9,4.3,3.0,0.5,0.4,0.2,0.5,0.455,0.735,0.4
1631210,Jacob Toppin,ATL,5,3.4,1.6,0.2,0.2,0.0,0.2,0.0,0.667,0.0,0.0
1630702,Jaden Hardy,WAS,57,15.8,9.2,1.5,1.0,0.3,0.1,1.8,0.424,0.733,1.1
1631093,Jaden Ivey,CHI,37,18.1,8.5,2.5,1.8,0.6,0.4,1.4,0.445,0.809,1.1
1630183,Jaden McDaniels,MIN,73,31.7,14.8,4.2,2.7,1.1,1.0,1.4,0.515,0.835,1.8
1630256,Jae'Sean Tate,HOU,46,8.8,2.8,1.6,0.5,0.2,0.1,0.2,0.514,0.636,0.3
1642942,Jahmai Mashack,MEM,31,21.7,6.2,2.6,2.2,1.2,0.5,0.6,0.395,0.543,1.6
1642443,Jahmir Young,MIA,14,4.2,1.8,0.3,0.6,0.1,0.0,0.2,0.4,1.0,0.2
1643141,Jahmyl Telfort,LAC,8,4.0,0.1,0.4,0.1,0.1,0.0,0.0,0.0,0.25,0.1
1631170,Jaime Jaquez Jr.,MIA,75,28.3,15.4,5.0,4.7,0.7,0.3,0.8,0.507,0.769,2.0
1631222,Jake LaRavia,LAL,82,25.1,8.2,4.0,1.8,1.3,0.5,1.0,0.459,0.763,1.1
1627751,Jakob Poeltl,TOR,46,25.0,10.7,7.0,2.0,0.9,0.7,0.0,0.7,0.602,1.2
1628973,Jalen Brunson,NYK,74,35.0,26.0,3.3,6.8,0.8,0.1,2.6,0.467,0.841,2.4
1631105,Jalen Duren,DET,70,28.2,19.5,10.5,2.0,0.8,0.8,0.0,0.65,0.747,1.9
1630224,Jalen Green,PHX,32,25.9,17.8,3.6,2.8,1.1,0.3,2.2,0.422,0.747,2.3
1630552,Jalen Johnson,ATL,72,35.2,22.5,10.3,7.9,1.2,0.4,1.7,0.489,0.788,3.4
1629618,Jalen Pickett,DEN,50,16.1,5.2,2.3,2.3,0.3,0.1,1.0,0.422,0.789,0.7
1641771,Jalen Slawson,IND,13,23.9,7.3,4.4,2.8,1.5,1.1,1.2,0.442,0.706,1.3
1630188,Jalen Smith,CHI,53,20.7,10.2,6.7,1.2,0.5,0.8,1.5,0.483,0.742,1.0
1630591,Jalen Suggs,ORL,57,27.6,13.8,3.9,5.5,1.8,0.7,2.1,0.435,0.855,2.7
1631114,Jalen Williams,OKC,33,28.4,17.1,4.6,5.5,1.2,0.3,0.7,0.484,0.837,1.9
1630592,Jalen Wilson,BKN,54,15.9,6.4,2.1,0.9,0.4,0.0,1.0,0.396,0.719,0.7
1631288,Jamal Cain,ORL,40,12.1,5.4,2.0,0.7,0.3,0.1,0.7,0.487,0.848,0.5
1627750,Jamal Murray,DEN,75,35.4,25.4,4.4,7.1,0.9,0.4,3.3,0.483,0.887,2.3
1642347,Jamal Shead,TOR,82,22.6,6.6,1.7,5.4,0.9,0.2,1.0,0.367,0.784,1.4
1631123,Jamaree Bouyea,PHX,46,14.0,5.7,1.8,1.8,0.6,0.3,0.5,0.458,0.686,0.7
201935,James Harden,CLE,70,34.8,23.6,4.8,8.0,1.1,0.4,3.1,0.434,0.884,3.5
1630164,James Wiseman,IND,4,14.6,3.3,2.0,0.8,0.0,0.3,0.0,0.6,0.5,1.3
1642364,Jamir Watkins,WAS,50,20.6,7.4,3.9,1.3,1.1,0.5,0.9,0.446,0.695,0.8
1642419,Jamison Battle,TOR,61,8.5,3.1,1.5,0.4,0.1,0.0,0.6,0.51,0.643,0.3
1641716,Jarace Walker,IND,76,25.7,11.6,5.1,2.5,0.8,0.3,1.8,0.419,0.749,1.8
1642272,Jared McCain,OKC,67,17.3,8.3,2.0,1.3,0.5,0.1,1.5,0.425,0.864,0.8
1628991,Jaren Jackson Jr.,UTA,48,30.3,19.4,5.7,2.0,1.1,1.4,1.8,0.476,0.803,2.2
1629020,Jarred Vanderbilt,LAL,65,17.3,4.4,4.5,1.3,0.8,0.3,0.4,0.471,0.589,0.9
1628386,Jarrett Allen,CLE,56,27.1,15.4,8.5,1.8,1.0,0.8,0.0,0.638,0.709,1.3
1642859,Jase Richardson,ORL,54,10.9,4.4,1.2,1.1,0.4,0.0,0.5,0.473,0.717,0.5
1642914,Javon Small,MEM,41,20.2,9.7,3.1,3.7,0.8,0.2,1.5,0.465,0.829,1.4
1631451,Javonte Cooke,POR,19,4.9,1.2,1.0,0.4,0.3,0.0,0.2,0.22,1.0,0.5
1629750,Javonte Green,DET,82,17.6,6.9,2.8,0.7,1.2,0.3,1.1,0.447,0.84,0.5
1629637,Jaxson Hayes,LAL,66,18.3,7.5,4.1,0.9,0.4,0.8,0.0,0.756,0.653,0.5
1630643,Jay Huff,IND,82,21.0,9.5,4.0,1.5,0.5,1.9,1.5,0.476,0.828,0.9
1627759,Jaylen Brown,BOS,71,34.4,28.7,6.9,5.1,1.0,0.4,2.0,0.477,0.795,3.6
1641740,Jaylen Clark,MIN,68,13.1,4.0,1.8,0.6,0.7,0.1,0.5,0.434,0.657,0.3
1642377,Jaylen Wells,MEM,69,26.4,12.5,3.2,1.6,0.9,0.1,1.9,0.431,0.784,1.1
1631119,Jaylin Williams,OKC,65,19.7,7.2,5.5,2.4,0.5,0.6,1.5,0.423,0.793,1.0
1642281,Jaylon Tyson,CLE,66,26.9,13.2,5.1,2.2,0.8,0.4,2.0,0.493,0.738,1.5
1643257,Jayson Kent,POR,5,4.5,2.0,1.0,0.0,0.2,0.2,0.2,0.571,1.0,0.0
1628369,Jayson Tatum,BOS,16,32.6,21.8,10.0,5.3,1.4,0.2,2.9,0.411,0.823,2.4
201145,Jeff Green,HOU,30,5.8,2.2,0.8,0.3,0.1,0.1,0.4,0.368,1.0,0.1
203924,Jerami Grant,POR,57,29.7,18.6,3.5,2.1,0.7,0.6,2.4,0.453,0.814,2.1
1642847,Jeremiah Fears,NOP,82,25.8,14.3,3.7,3.4,1.2,0.4,1.2,0.434,0.789,2.2
1630526,Jeremiah Robinson-Earl,DAL,22,16.4,4.6,4.7,0.7,0.4,0.0,0.5,0.37,0.944,0.5
1631110,Jeremy Sochan,NYK,44,10.6,3.6,2.4,0.9,0.4,0.2,0.3,0.496,0.731,0.5
1630579,Jericho Sims,MIL,67,19.7,5.0,5.5,1.6,0.3,0.3,0.0,0.784,0.62,1.1
1641724,Jett Howard,ORL,55,12.6,5.5,1.6,0.8,0.2,0.2,1.0,0.418,0.949,0.3
1628975,Jevon Carter,ORL,53,16.4,6.4,1.7,1.6,0.8,0.2,1.5,0.401,0.789,0.7
202710,Jimmy Butler III,GSW,38,31.1,20.0,5.6,4.9,1.4,0.2,0.8,0.519,0.864,1.6
1642866,Joan Beringer,MIN,40,7.9,3.9,2.3,0.3,0.2,0.7,0.0,0.663,0.703,0.3
1629111,Jock Landale,ATL,68,22.1,10.6,5.7,1.7,0.5,0.5,1.1,0.515,0.635,0.9
204060,Joe Ingles,MIN,27,5.7,1.5,0.7,1.3,0.3,0.1,0.3,0.593,1.0,0.5
203954,Joel Embiid,PHI,38,31.6,26.9,7.7,3.9,0.6,1.2,1.4,0.489,0.854,2.9
1628381,John Collins,LAC,69,27.1,13.6,5.3,1.0,0.9,0.7,1.3,0.552,0.766,1.4
1629723,John Konchar,UTA,56,19.9,4.4,4.3,2.1,1.5,0.7,0.5,0.472,0.727,0.6
1642967,John Poulakidas,DAL,13,19.5,8.8,2.3,0.8,0.5,0.3,2.4,0.429,0.857,0.3
1642910,John Tonje,BOS,6,7.0,2.5,1.0,0.3,0.3,0.0,0.5,0.286,1.0,0.0
1641780,Johni Broome,PHI,11,5.0,0.9,1.5,0.4,0.3,0.2,0.0,0.167,0.333,0.3
1642277,Johnny Furphy,IND,35,18.4,5.1,4.4,1.2,0.6,0.2,0.7,0.47,0.486,0.8
1630548,Johnny Juzang,MIN,21,4.2,2.0,0.8,0.3,0.1,0.0,0.3,0.421,0.625,0.2
202685,Jonas Valanciunas,DEN,65,13.4,8.7,5.1,1.2,0.2,0.6,0.1,0.582,0.772,1.1
1628371,Jonathan Isaac,ORL,52,10.0,2.6,2.5,0.4,0.4,0.6,0.1,0.422,0.603,0.3
1630228,Jonathan Kuminga,ATL,36,23.1,12.2,5.6,2.3,0.6,0.3,1.0,0.463,0.724,1.9
1642367,Jonathan Mogbo,TOR,40,6.2,1.5,1.7,0.6,0.3,0.2,0.0,0.591,0.643,0.4
203903,Jordan Clarkson,NYK,72,17.8,8.6,1.8,1.3,0.4,0.1,1.0,0.451,0.83,0.9
1630692,Jordan Goodwin,PHX,70,22.5,8.7,4.9,2.2,1.5,0.2,1.6,0.413,0.696,1.0
1641722,Jordan Hawkins,NOP,51,13.6,5.1,1.7,0.8,0.3,0.2,0.9,0.366,0.852,0.7
1629162,Jordan McLaughlin,SAS,44,6.4,2.0,0.7,0.9,0.5,0.0,0.4,0.418,0.857,0.3
1641757,Jordan Miller,LAC,60,22.1,10.0,3.0,2.3,0.8,0.2,0.6,0.531,0.777,1.1
1629673,Jordan Poole,NOP,39,23.9,13.4,2.0,3.1,0.6,0.4,2.5,0.372,0.86,1.8
1641775,Jordan Walsh,BOS,68,17.8,5.4,4.0,0.8,0.7,0.5,0.7,0.509,0.772,0.5
1630631,Jose Alvarado,NYK,69,19.9,7.4,2.5,3.4,1.0,0.1,1.5,0.416,0.761,1.1
1630581,Josh Giddey,CHI,54,32.1,17.0,8.3,9.1,1.0,0.5,1.9,0.448,0.763,3.6
1630182,Josh Green,CHA,58,15.7,4.3,1.8,0.8,0.6,0.1,1.0,0.459,0.893,0.6
1628404,Josh Hart,NYK,66,30.2,12.0,7.4,4.8,1.1,0.3,1.5,0.508,0.72,1.9
1631169,Josh Minott,BKN,49,17.0,7.4,3.2,0.9,0.9,0.5,1.3,0.5,0.787,0.9
1642490,Josh Oduro,NOP,3,27.3,8.3,7.7,1.3,0.0,0.0,0.0,0.647,0.5,0.7
1629006,Josh Okogie,HOU,78,17.4,4.5,2.6,0.9,0.8,0.2,0.8,0.425,0.594,0.5
201950,Jrue Holiday,POR,53,29.4,16.3,4.6,6.1,1.0,0.1,2.6,0.451,0.838,2.8
1630577,Julian Champagnie,SAS,82,27.6,11.1,5.8,1.5,0.8,0.5,2.4,0.437,0.844,0.8
1641763,Julian Phillips,MIN,48,8.9,2.9,1.0,0.2,0.5,0.1,0.4,0.421,0.783,0.2
1642882,Julian Reese,WAS,13,30.9,11.8,10.5,1.8,1.4,0.6,0.0,0.529,0.636,2.5
1631124,Julian Strawther,DEN,57,15.1,7.2,2.0,1.1,0.4,0.1,1.0,0.467,0.814,0.6
203944,Julius Randle,MIN,79,33.0,21.1,6.7,5.0,1.1,0.2,1.4,0.481,0.802,2.7
1630551,Justin Champagnie,WAS,69,20.0,8.7,5.6,1.2,0.9,0.6,0.8,0.502,0.784,0.7
1642348,Justin Edwards,PHI,64,15.3,6.0,1.5,1.3,0.8,0.2,1.0,0.447,0.846,0.6
203994,Jusuf Nurkić,UTA,41,26.4,10.9,10.4,4.8,1.3,0.5,0.6,0.503,0.549,2.5
1642354,KJ Simpson,DEN,20,12.9,4.6,1.9,2.2,0.8,0.0,0.6,0.343,0.611,1.3
1642955,Kadary Richmond,WAS,3,22.3,8.3,3.3,2.7,2.7,0.3,0.7,0.625,1.0,0.7
1642880,Kam Jones,IND,37,16.7,4.4,1.6,3.2,0.5,0.0,0.6,0.402,0.5,1.0
1626157,Karl-Anthony Towns,NYK,75,31.0,20.1,11.9,3.0,0.9,0.5,1.5,0.501,0.858,2.5
1631255,Karlo Matković,NOP,62,14.7,5.7,3.7,0.8,0.4,0.9,0.6,0.604,0.732,0.5
1642857,Kasparas Jakučionis,MIA,53,17.8,6.2,2.6,2.6,0.6,0.1,1.2,0.429,0.879,0.9
202695,Kawhi Leonard,LAC,65,32.1,27.9,6.4,3.6,1.9,0.4,2.6,0.505,0.892,2.0
1630811,Keaton Wallace,ATL,53,10.1,3.5,1.1,1.8,0.5,0.1,0.7,0.398,0.667,0.5
1631099,Keegan Murray,SAC,23,34.5,14.0,5.7,1.7,1.0,1.6,1.3,0.42,0.776,1.2
1642276,Kel'el Ware,MIA,77,22.1,11.1,9.0,0.7,0.8,1.1,1.2,0.53,0.74,0.8
1629640,Keldon Johnson,SAS,82,23.3,13.2,5.4,1.4,0.6,0.1,1.2,0.519,0.794,0.9
203482,Kelly Olynyk,SAS,42,8.6,3.2,1.8,1.2,0.4,0.1,0.3,0.49,0.711,0.6
1626162,Kelly Oubre Jr.,PHI,50,31.5,14.1,5.0,1.6,1.4,0.5,1.7,0.467,0.766,1.4
1631113,Kennedy Chandler,UTA,11,32.3,15.0,3.4,6.7,1.0,0.2,1.4,0.445,0.651,2.1
1629026,Kenrich Williams,OKC,56,15.3,6.5,3.3,1.4,0.6,0.1,0.9,0.473,0.635,0.8
203484,Kentavious Caldwell-Pope,MEM,51,21.3,8.4,2.5,2.7,0.8,0.2,1.1,0.41,0.913,1.2
1631165,Keon Ellis,CLE,72,20.5,6.7,1.9,1.0,1.2,0.6,1.3,0.44,0.729,0.6
1642352,Keshad Johnson,MIA,32,8.7,4.3,1.9,0.3,0.5,0.3,0.4,0.49,0.724,0.4
1642933,Keshon Gilbert,ATL,4,18.4,4.3,1.3,3.0,0.8,1.0,0.0,0.417,1.0,2.0
201142,Kevin Durant,HOU,78,36.4,26.0,5.5,4.8,0.8,0.9,2.4,0.52,0.874,3.2
1628989,Kevin Huerter,DET,69,22.5,10.0,3.5,2.6,0.9,0.5,1.4,0.451,0.775,1.0
201567,Kevin Love,UTA,37,16.6,6.7,5.8,1.8,0.4,0.2,1.4,0.397,0.841,0.8
1641755,Kevin McCullar Jr.,NYK,21,7.4,2.4,1.3,1.0,0.4,0.0,0.4,0.426,0.4,0.6
1629645,Kevin Porter Jr.,MIL,38,33.2,17.4,5.2,7.4,2.2,0.5,1.2,0.465,0.878,2.9
1626172,Kevon Looney,NOP,21,14.6,2.8,5.6,1.6,0.4,0.5,0.1,0.417,0.7,0.4
1641718,Keyonte George,UTA,54,33.1,23.6,3.7,6.1,1.1,0.3,2.5,0.456,0.892,3.1
1642863,Khaman Maluach,PHX,46,8.9,3.0,2.9,0.1,0.1,0.7,0.1,0.533,0.71,0.5
203114,Khris Middleton,DAL,63,22.8,10.2,3.7,2.8,0.7,0.1,1.1,0.42,0.875,1.7
1630165,Killian Hayes,SAC,23,17.6,5.5,2.3,3.5,0.9,0.2,0.7,0.304,0.929,1.2
202691,Klay Thompson,DAL,69,21.7,11.7,2.1,1.4,0.5,0.3,2.9,0.393,0.766,0.9
1641738,Kobe Brown,IND,61,15.8,5.8,3.0,1.3,0.4,0.2,0.9,0.469,0.797,0.9
1641723,Kobe Bufkin,LAL,16,7.5,2.9,0.8,0.6,0.1,0.2,0.3,0.3,0.917,0.3
1642920,Kobe Sanders,LAC,68,19.9,7.3,2.3,1.6,0.7,0.1,1.2,0.466,0.826,1.2
1642886,Koby Brea,PHX,12,7.0,3.8,0.7,0.8,0.1,0.0,1.1,0.417,1.0,0.3
1642851,Kon Knueppel,CHA,81,31.5,18.5,5.3,3.4,0.7,0.2,3.4,0.475,0.863,2.0
1627739,Kris Dunn,LAC,82,27.2,7.3,3.3,3.6,1.6,0.2,1.0,0.476,0.765,1.4
1631200,Kris Murray,POR,57,23.4,5.8,3.6,1.4,0.9,0.4,0.6,0.467,0.684,0.8
204001,Kristaps Porziņģis,GSW,32,24.0,16.7,5.2,2.5,0.6,1.2,1.7,0.446,0.842,1.3
203937,Kyle Anderson,MIN,43,19.8,6.2,3.5,2.9,1.0,0.6,0.1,0.53,0.706,0.9
1642271,Kyle Filipowski,UTA,77,23.4,11.4,7.2,2.6,0.9,0.5,1.0,0.492,0.75,1.6
1628398,Kyle Kuzma,MIL,69,26.2,13.0,4.5,2.7,0.7,0.4,1.2,0.492,0.726,1.7
200768,Kyle Lowry,PHI,14,8.4,1.2,0.6,0.8,0.1,0.1,0.3,0.16,0.833,0.3
1642273,Kyshawn George,WAS,48,29.0,14.8,5.1,4.5,1.0,0.9,2.1,0.438,0.802,2.6
1643018,LJ Cryer,GSW,18,16.2,8.2,1.6,1.0,0.2,0.0,2.1,0.402,0.895,0.8
1630163,LaMelo Ball,CHA,72,28.0,20.1,4.8,7.1,1.2,0.3,3.8,0.407,0.899,2.8
1642950,Lachlan Olbrich,CHI,37,9.3,2.4,3.0,1.1,0.3,0.2,0.1,0.468,0.375,0.4
1629013,Landry Shamet,NYK,51,23.0,9.3,1.8,1.4,0.6,0.2,2.0,0.437,0.711,0.6
1626204,Larry Nance Jr.,CLE,35,12.8,3.7,2.7,1.0,0.6,0.2,0.6,0.419,0.462,0.6
1628374,Lauri Markkanen,UTA,42,34.3,26.7,6.9,2.1,1.0,0.5,2.7,0.477,0.896,1.5
1643133,Lawson Lovering,MEM,2,24.6,7.0,7.5,1.5,1.5,0.5,0.0,0.6,0.4,1.0
2544,LeBron James,LAL,60,33.2,20.9,6.1,7.2,1.2,0.6,1.3,0.515,0.737,3.0
1641778,Leaky Black,WAS,15,28.9,7.1,5.0,1.5,1.2,0.5,1.3,0.388,0.875,0.9
1631159,Leonard Miller,CHI,46,15.6,7.8,3.9,0.9,0.4,0.3,0.7,0.553,0.736,0.8
1642862,Liam McNeeley,CHA,31,11.9,4.3,2.4,0.8,0.2,0.1,0.8,0.4,0.821,0.4
1630322,Lindy Waters III,SAS,40,7.1,2.4,0.7,0.5,0.2,0.0,0.7,0.375,0.667,0.2
1628366,Lonzo Ball,CLE,35,20.8,4.6,4.0,3.9,1.3,0.3,1.1,0.301,0.667,1.5
1631351,Lucas Williamson,MEM,7,32.0,10.4,5.4,2.6,1.6,0.1,2.1,0.333,1.0,1.4
1629652,Luguentz Dort,OKC,69,26.8,8.3,3.6,1.2,0.9,0.4,1.9,0.385,0.759,0.8
1629029,Luka Dončić,LAL,64,35.8,33.5,7.7,8.3,1.6,0.5,4.0,0.476,0.78,4.0
1630568,Luka Garza,BOS,69,16.2,8.1,4.1,1.0,0.4,0.4,0.8,0.577,0.769,0.7
1628379,Luke Kennard,LAL,78,21.5,8.4,2.3,2.2,0.7,0.1,1.5,0.533,0.913,0.8
1628436,Luke Kornet,SAS,68,21.0,6.5,6.1,1.9,0.5,1.0,0.0,0.643,0.825,0.4
1631247,Luke Travers,CLE,12,8.6,2.3,2.0,0.8,0.6,0.3,0.1,0.25,1.0,0.3
1630644,Mac McClung,CHI,11,12.3,6.1,0.9,0.9,1.0,0.3,0.6,0.39,0.778,0.8
1641869,Malachi Smith,BKN,15,23.9,8.3,3.4,3.3,0.8,0.3,1.3,0.485,1.0,0.9
1631103,Malaki Branham,WAS,28,9.8,4.6,1.6,0.8,0.4,0.1,0.5,0.473,0.824,0.5
1642502,Malevy Leons,GSW,25,11.1,3.3,2.1,0.9,0.6,0.4,0.2,0.444,0.789,0.5
1628370,Malik Monk,SAC,62,22.0,12.5,1.9,3.0,0.6,0.4,2.0,0.438,0.879,1.5
1630699,MarJon Beauchamp,PHI,14,14.0,6.8,2.3,1.1,0.6,0.3,1.1,0.434,0.684,0.9
1631204,Marcus Sasser,DET,38,12.0,5.2,1.0,2.0,0.5,0.1,1.2,0.39,0.833,0.8
203935,Marcus Smart,LAL,62,28.5,9.3,2.8,3.0,1.4,0.4,1.6,0.395,0.822,1.5
1641813,Mark Sears,MIL,7,3.7,3.1,0.3,0.3,0.0,0.0,0.6,0.462,0.75,0.6
1631109,Mark Williams,PHX,60,23.6,11.7,8.0,1.0,0.9,0.9,0.0,0.644,0.771,1.1
1628365,Markelle Fultz,TOR,5,7.2,0.8,0.2,1.6,0.4,0.0,0.0,0.182,0.0,0.8
1628963,Marvin Bagley III,DAL,60,20.0,10.5,6.1,1.4,0.5,0.7,0.4,0.618,0.66,1.0
203486,Mason Plumlee,SAS,20,8.6,1.6,2.7,1.0,0.5,0.0,0.0,0.786,0.643,0.6
1641824,Matas Buzelis,CHI,77,29.2,16.3,5.8,2.1,0.7,1.5,2.2,0.463,0.786,2.1
1629680,Matisse Thybulle,POR,30,16.0,5.8,2.0,0.9,2.0,0.5,1.2,0.433,0.84,0.9
1631108,Max Christie,DAL,77,29.1,12.3,3.2,2.0,0.6,0.4,2.3,0.441,0.899,1.2
1642917,Max Shulga,BOS,11,3.3,0.6,0.5,0.2,0.1,0.0,0.1,0.25,1.0,0.3
1629622,Max Strus,CLE,12,24.0,11.2,5.4,2.0,0.3,0.0,2.8,0.443,0.778,0.8
1628467,Maxi Kleber,LAL,43,10.7,2.0,2.0,0.6,0.4,0.3,0.1,0.452,0.538,0.4
1642875,Maxime Raynaud,SAC,74,26.5,12.5,7.5,1.4,0.5,0.5,0.3,0.571,0.786,1.3
1642877,Micah Peavy,NOP,61,15.0,4.3,1.9,1.0,0.7,0.1,0.5,0.385,0.759,0.3
1630695,Micah Potter,IND,47,19.3,9.7,5.0,1.5,0.5,0.3,1.5,0.515,0.842,1.0
1629008,Michael Porter Jr.,BKN,52,32.5,24.2,7.1,3.0,1.1,0.3,3.4,0.463,0.859,2.3
1628969,Mikal Bridges,NYK,82,32.8,14.4,3.8,3.7,1.3,0.8,1.9,0.49,0.827,1.0
201144,Mike Conley,MIN,54,18.4,4.5,1.7,2.9,0.6,0.3,1.0,0.335,0.9,0.6
1628970,Miles Bridges,CHA,77,31.0,17.1,5.8,3.2,0.6,0.4,1.9,0.46,0.822,1.4
1642939,Miles Kelly,DAL,14,9.6,3.1,1.7,0.9,0.3,0.1,0.7,0.364,1.0,0.4
1630540,Miles McBride,NYK,41,26.3,12.0,2.4,2.6,0.9,0.2,2.7,0.423,0.787,0.8
1629011,Mitchell Robinson,NYK,60,19.6,5.7,8.8,0.9,0.9,1.2,0.0,0.723,0.408,0.7
1628964,Mo Bamba,UTA,4,11.0,2.5,5.5,0.3,0.0,0.8,0.0,0.455,0.0,0.5
1642885,Mohamed Diawara,NYK,69,9.2,3.6,1.4,0.8,0.2,0.1,0.7,0.423,0.75,0.4
1628420,Monte Morris,IND,6,10.8,3.0,1.2,1.5,0.2,0.2,0.3,0.35,0.5,0.3
1629021,Moritz Wagner,ORL,36,11.8,6.9,3.2,0.8,0.4,0.1,0.6,0.426,0.819,0.5
1630541,Moses Moody,GSW,60,25.7,12.1,3.3,1.6,1.0,0.6,2.5,0.44,0.77,1.0
1631338,Mouhamadou Gueye,CHI,2,22.7,8.0,3.0,3.0,1.0,0.5,0.5,0.545,0.75,1.5
1631243,Mouhamed Gueye,ATL,77,15.3,4.4,3.6,0.9,0.8,0.5,0.5,0.452,0.645,0.4
1630619,Moussa Cisse,DAL,38,13.9,4.5,5.7,0.2,0.5,1.2,0.0,0.574,0.469,0.8
1631217,Moussa Diabaté,CHA,73,26.0,7.9,8.7,1.9,0.8,1.0,0.0,0.631,0.659,1.0
1626167,Myles Turner,MIL,71,26.9,11.9,5.3,1.5,0.7,1.6,2.1,0.44,0.74,1.2
1642066,Myron Gardner,MIA,45,9.1,3.6,2.7,1.0,0.4,0.2,0.6,0.48,0.731,0.4
1642368,N'Faly Dante,ATL,4,3.9,0.8,1.8,0.0,0.5,0.0,0.0,0.25,1.0,0.3
1641772,Nae'Qwan Tomlin,CLE,64,15.7,5.8,2.9,0.8,0.6,0.5,0.4,0.478,0.77,0.5
1630230,Naji Marshall,DAL,74,29.5,15.2,4.7,3.3,1.1,0.1,0.8,0.51,0.76,1.6
1631466,Nate Williams,GSW,14,17.1,8.0,2.1,1.0,0.4,0.0,0.9,0.489,0.867,1.1
1629675,Naz Reid,MIN,77,26.1,13.6,6.2,2.2,1.0,1.0,2.1,0.456,0.732,1.6
1629674,Neemias Queta,BOS,76,25.3,10.2,8.4,1.7,0.8,1.3,0.0,0.653,0.703,1.0
1629651,Nic Claxton,BKN,69,27.8,11.7,6.9,3.7,0.7,1.1,0.0,0.571,0.616,1.4
1630208,Nick Richards,CHI,48,14.6,5.8,5.1,0.3,0.2,0.7,0.1,0.512,0.644,1.2
1641733,Nick Smith Jr.,LAL,30,12.5,6.2,0.8,1.0,0.3,0.1,1.1,0.435,0.733,0.7
1629638,Nickeil Alexander-Walker,ATL,78,33.4,20.8,3.4,3.7,1.3,0.5,3.2,0.459,0.902,2.1
201587,Nicolas Batum,LAC,74,17.5,4.0,2.5,0.9,0.6,0.3,1.2,0.403,0.818,0.5
1628502,Nigel Hayes-Davis,PHX,27,7.2,1.3,1.2,0.3,0.3,0.1,0.1,0.326,0.5,0.3
203999,Nikola Jokić,DEN,65,34.8,27.7,12.9,10.7,1.4,0.8,1.7,0.569,0.831,3.7
1631107,Nikola Jović,MIA,47,17.2,7.3,3.3,2.2,0.6,0.4,1.0,0.366,0.683,1.4
1642260,Nikola Topić,OKC,10,16.0,5.2,1.9,4.4,0.5,0.0,0.6,0.431,0.4,2.5
202696,Nikola Vučević,BOS,64,28.4,15.1,8.4,3.3,0.6,0.6,1.6,0.493,0.828,1.3
1642363,Nique Clifford,SAC,75,25.1,8.6,3.8,2.4,0.9,0.3,1.0,0.418,0.722,1.5
1642855,Noa Essengue,CHI,2,3.0,0.0,0.0,0.0,0.5,0.0,0.0,0.0,0.0,0.0
1641730,Noah Clowney,BKN,66,27.0,12.3,4.1,1.6,0.8,0.7,2.0,0.396,0.804,1.5
1642869,Noah Penda,ORL,59,12.8,3.8,3.2,1.2,0.5,0.3,0.5,0.404,0.688,0.7
1642849,Nolan Traore,BKN,56,22.2,8.9,1.8,3.8,0.8,0.4,1.1,0.38,0.787,2.3
1641807,Norchad Omier,LAC,6,3.9,2.8,1.2,0.3,0.2,0.0,0.0,0.7,1.0,0.0
1626181,Norman Powell,MIA,58,29.6,21.7,3.5,2.5,1.1,0.2,2.7,0.47,0.827,1.9
1628384,OG Anunoby,NYK,67,33.2,16.7,5.2,2.2,1.6,0.7,2.3,0.484,0.828,1.8
1630167,Obi Toppin,IND,24,17.7,11.6,4.4,2.3,0.5,0.0,1.5,0.503,0.913,1.2
1630534,Ochai Agbaji,BKN,62,15.7,5.1,2.3,0.8,0.4,0.3,0.5,0.436,0.837,0.5
1630846,Olivier Sarr,CLE,4,9.8,3.5,2.8,1.3,0.5,0.8,0.5,0.714,0.4,0.5
1641765,Olivier-Maxence Prosper,MEM,53,18.6,10.0,3.5,1.0,0.8,0.2,1.1,0.549,0.754,0.9
1630209,Omer Yurtseven,GSW,9,11.6,3.8,3.3,0.9,0.2,0.1,0.0,0.423,0.667,1.0
1630168,Onyeka Okongwu,ATL,74,31.0,15.2,7.6,3.1,1.1,1.1,1.9,0.48,0.757,1.7
1631115,Orlando Robinson,ORL,4,6.2,1.8,1.0,0.8,0.3,0.0,0.3,0.6,0.0,0.0
1631131,Oscar Tshiebwe,UTA,27,16.6,7.8,6.6,1.2,0.6,0.2,0.0,0.634,0.551,0.8
1642345,Oso Ighodaro,PHX,82,22.1,6.5,5.1,2.3,0.9,0.7,0.0,0.653,0.453,1.2
1631172,Ousmane Dieng,MIL,57,19.3,7.6,3.2,2.4,0.4,0.3,1.1,0.422,0.711,1.3
1629023,P.J. Washington,DAL,56,31.0,14.2,7.0,1.8,1.0,1.1,1.4,0.45,0.687,1.7
1641790,PJ Hall,CHA,19,11.2,4.5,3.9,0.5,0.2,0.5,0.2,0.508,0.793,0.8
1642359,Pacôme Dadiet,NYK,29,4.7,1.7,0.9,0.4,0.1,0.0,0.2,0.333,0.818,0.1
1631094,Paolo Banchero,ORL,72,34.7,22.2,8.4,5.2,0.7,0.6,1.2,0.459,0.775,3.1
1627783,Pascal Siakam,IND,62,33.2,24.0,6.6,3.8,1.1,0.4,1.7,0.484,0.693,2.2
1626192,Pat Connaughton,CHA,42,7.1,2.6,1.5,0.4,0.3,0.0,0.5,0.447,0.65,0.3
1630311,Pat Spencer,GSW,66,18.6,7.2,2.4,3.5,0.7,0.1,0.9,0.427,0.772,1.3
1631116,Patrick Baldwin Jr.,SAC,9,11.4,3.7,2.6,0.6,0.3,0.6,0.7,0.407,0.714,0.6
1630172,Patrick Williams,CHI,72,20.5,7.0,3.0,1.5,0.7,0.4,1.3,0.372,0.72,1.0
202331,Paul George,PHI,37,30.7,17.3,5.3,3.6,1.7,0.4,2.7,0.439,0.82,1.7
1630194,Paul Reed,DET,65,13.9,7.8,4.5,1.2,0.9,0.9,0.2,0.617,0.664,0.9
1630202,Payton Pritchard,BOS,79,32.3,17.0,3.9,5.2,0.7,0.1,2.7,0.464,0.89,1.4
1642362,Payton Sandfort,OKC,4,15.8,8.8,2.5,0.0,0.3,0.0,1.8,0.5,0.5,0.3
1641796,Pelle Larsson,MIA,70,26.4,11.4,3.5,3.4,0.7,0.2,0.9,0.496,0.797,1.4
1631250,Pete Nance,MIL,47,15.7,5.4,2.7,1.0,0.3,0.3,1.1,0.515,0.364,0.6
1631212,Peyton Watson,DEN,54,29.6,14.6,4.9,2.1,0.9,1.1,1.5,0.491,0.73,1.7
1630173,Precious Achiuwa,SAC,73,23.9,10.1,6.7,1.4,0.9,0.7,0.4,0.528,0.554,0.9
1629656,Quentin Grimes,PHI,75,29.4,13.4,3.6,3.3,0.9,0.4,1.7,0.45,0.84,1.8
1631245,Quenton Jackson,IND,49,18.3,9.1,2.3,2.9,0.6,0.1,0.9,0.47,0.824,1.3
1642366,Quinten Post,GSW,67,17.3,7.7,4.0,1.4,0.4,0.5,1.4,0.44,0.791,0.8
1629628,RJ Barrett,TOR,57,30.3,19.3,5.3,3.3,0.7,0.3,1.7,0.491,0.717,1.7
1642853,Rasheer Fleming,PHX,55,12.2,4.3,2.3,0.3,0.4,0.4,0.8,0.405,0.559,0.5
1642484,RayJ Dennis,ATL,17,12.1,4.4,1.5,1.9,0.2,0.2,0.8,0.313,0.889,1.0
1641712,Rayan Rupert,MEM,64,16.8,5.2,2.9,1.1,0.9,0.1,0.7,0.393,0.778,0.9
1642263,Reed Sheppard,HOU,82,26.2,13.5,2.9,3.4,1.5,0.7,2.8,0.43,0.802,1.5
1642434,Riley Minix,CLE,9,6.5,3.9,0.7,0.6,0.2,0.1,0.4,0.609,1.0,0.3
1642265,Rob Dillingham,CHI,65,14.9,6.3,2.0,2.2,0.7,0.1,0.6,0.396,0.745,1.5
1629057,Robert Williams III,POR,59,17.1,6.7,7.0,1.0,0.6,1.5,0.2,0.708,0.596,0.8
1642911,Rocco Zikarsky,MIN,5,7.3,2.8,2.8,0.4,0.0,1.0,0.0,0.625,1.0,0.2
1631199,Ron Harper Jr.,BOS,29,10.9,4.2,1.7,0.8,0.3,0.3,1.0,0.418,0.75,0.3
1641842,Ronald Holland II,DET,78,19.9,8.2,4.0,1.2,1.2,0.3,0.6,0.432,0.805,1.2
1626220,Royce O'Neale,PHX,78,28.4,9.8,4.8,2.7,1.1,0.4,2.7,0.421,0.711,1.3
203497,Rudy Gobert,MIN,76,31.3,10.9,11.5,1.7,0.8,1.6,0.0,0.682,0.526,1.4
1629060,Rui Hachimura,LAL,68,28.3,11.5,3.3,0.8,0.6,0.3,1.7,0.514,0.694,0.6
201566,Russell Westbrook,SAC,64,28.9,15.2,5.4,6.7,1.3,0.2,2.0,0.427,0.694,3.3
1642346,Ryan Dunn,PHX,70,19.4,5.8,4.2,1.5,0.9,0.4,0.8,0.453,0.489,0.8
1641750,Ryan Kalkbrenner,CHA,69,21.4,7.6,5.5,0.8,0.5,1.5,0.0,0.753,0.716,0.9
1642948,Ryan Nembhard,DAL,60,19.5,6.6,2.2,5.3,0.4,0.0,0.8,0.415,0.806,1.4
1631157,Ryan Rollins,MIL,74,32.1,17.3,4.6,5.6,1.5,0.4,2.5,0.472,0.796,2.7
1630180,Saddiq Bey,NOP,72,31.2,17.7,5.6,2.5,0.9,0.1,2.1,0.451,0.841,0.9
1630573,Sam Hauser,BOS,78,24.8,9.2,3.8,1.5,0.5,0.3,2.5,0.419,0.85,0.4
1630241,Sam Merrill,CLE,52,26.5,12.8,2.6,2.4,0.6,0.1,3.0,0.461,0.855,0.8
1630572,Sandro Mamukelashvili,TOR,80,21.9,11.2,4.9,1.9,0.8,0.5,1.4,0.523,0.747,0.8
1630583,Santi Aldama,MEM,43,27.9,14.0,6.7,2.9,0.9,0.7,1.6,0.479,0.667,1.3
1630703,Scoot Henderson,POR,30,24.9,14.2,2.7,3.7,0.9,0.3,1.9,0.418,0.84,2.4
1630567,Scottie Barnes,TOR,80,33.5,18.1,7.5,5.9,1.4,1.5,0.9,0.507,0.815,2.6
1630590,Scotty Pippen Jr.,MEM,10,21.2,11.4,2.2,4.7,1.9,0.4,1.0,0.448,0.783,2.7
1642951,Sean Pedulla,LAC,7,4.4,1.9,0.4,0.7,0.0,0.0,0.4,0.333,0.0,0.1
203552,Seth Curry,GSW,10,13.3,7.1,1.2,1.0,0.3,0.0,1.2,0.49,0.917,0.2
1631101,Shaedon Sharpe,POR,50,29.4,20.8,4.3,2.6,1.4,0.1,2.1,0.452,0.787,2.9
1628983,Shai Gilgeous-Alexander,OKC,68,33.2,31.1,4.3,6.6,1.4,0.8,1.7,0.553,0.879,2.2
1630536,Sharife Cooper,WAS,41,17.1,8.1,2.1,3.0,0.4,0.1,0.7,0.514,0.833,1.5
1631321,Sidy Cissoko,POR,75,19.1,5.1,2.2,1.5,0.7,0.3,0.8,0.398,0.659,0.9
1631323,Simone Fontecchio,MIA,70,16.7,8.5,3.0,1.4,0.5,0.1,1.8,0.412,0.843,0.7
1642883,Sion James,CHA,82,22.5,5.4,3.5,2.0,0.6,0.2,1.0,0.371,0.837,0.8
1627746,Skal Labissiere,WAS,3,12.5,4.3,3.0,1.0,0.7,0.3,0.3,0.6,0.0,0.3
1642461,Spencer Jones,DEN,64,22.1,5.5,3.3,0.8,0.8,0.5,0.9,0.504,0.608,0.5
1630649,Stanley Umude,SAS,2,3.3,1.0,0.0,0.5,0.5,0.0,0.0,0.5,0.0,0.0
201939,Stephen Curry,GSW,43,30.9,26.6,3.6,4.7,1.1,0.4,4.4,0.468,0.923,2.8
1642264,Stephon Castle,SAS,68,30.0,16.7,5.3,7.4,1.1,0.3,1.2,0.471,0.734,3.2
203500,Steven Adams,HOU,32,22.8,5.8,8.6,1.5,0.7,0.6,0.0,0.504,0.58,1.1
1629004,Svi Mykhailiuk,UTA,50,23.1,9.4,2.5,1.9,0.5,0.1,2.0,0.478,0.893,0.8
204456,T.J. McConnell,IND,56,17.2,9.4,2.2,5.1,1.0,0.2,0.3,0.538,0.862,1.1
1643007,Taelon Peter,IND,38,13.0,4.5,1.6,1.1,0.7,0.1,1.1,0.38,0.625,0.7
201959,Taj Gibson,MEM,10,9.7,3.4,2.7,0.6,0.2,0.1,0.3,0.462,0.875,0.1
1631106,Tari Eason,HOU,60,25.8,10.5,6.3,1.5,1.2,0.5,1.6,0.416,0.776,1.4
1627752,Taurean Prince,MIL,26,23.5,9.2,3.1,1.8,0.6,0.2,2.3,0.45,1.0,1.2
1641707,Taylor Hendricks,MEM,59,19.0,7.4,3.7,0.9,0.8,0.5,1.1,0.459,0.681,0.8
1629611,Terance Mann,BKN,63,24.3,7.2,3.2,3.0,0.7,0.2,0.9,0.457,0.788,1.1
1630545,Terrence Shannon Jr,MIN,43,12.5,5.6,1.1,0.9,0.3,0.0,0.7,0.45,0.8,0.6
203648,Thanasis Antetokounmpo,MIL,34,4.4,1.4,0.9,0.4,0.4,0.2,0.0,0.469,0.567,0.3
1628418,Thomas Bryant,CLE,60,12.2,6.2,3.4,0.6,0.3,0.4,0.8,0.506,0.803,0.5
1642275,Tidjane Salaün,CHA,37,15.6,6.0,4.0,0.7,0.4,0.2,1.0,0.503,0.65,0.7
203501,Tim Hardaway Jr.,DEN,80,26.6,13.5,2.6,1.4,0.5,0.1,2.8,0.447,0.811,0.5
202699,Tobias Harris,DET,63,27.7,13.3,5.1,2.5,0.9,0.4,1.3,0.469,0.866,1.0
1643253,Toby Okani,MEM,6,36.2,10.0,3.5,1.0,0.7,0.5,1.5,0.357,0.125,0.5
1642449,Tolu Smith,DET,15,9.2,3.7,3.3,0.9,0.1,0.4,0.0,0.5,0.667,0.5
1628396,Tony Bradley,ATL,41,11.0,4.0,2.8,0.5,0.1,0.2,0.0,0.547,0.744,0.4
1641787,Tosan Evbuomwan,CHA,5,1.5,0.0,0.4,0.0,0.0,0.0,0.0,0.0,0.0,0.0
1641739,Toumani Camara,POR,82,33.3,13.4,5.1,2.5,1.1,0.4,2.7,0.44,0.708,1.8
1629027,Trae Young,WAS,15,25.6,17.9,2.0,8.0,0.9,0.1,1.8,0.458,0.825,2.6
1631218,Trayce Jackson-Davis,TOR,53,9.4,3.4,2.7,0.7,0.3,0.5,0.0,0.573,0.514,0.4
1642848,Tre Johnson,WAS,60,24.0,12.2,2.8,2.0,0.6,0.3,1.9,0.419,0.874,1.6
1630200,Tre Jones,CHI,65,27.0,14.1,3.1,5.4,1.2,0.2,0.6,0.553,0.841,1.4
1630544,Tre Mann,CHA,53,12.6,5.5,1.7,1.6,0.5,0.1,0.9,0.36,0.852,1.0
1630570,Trendon Watford,PHI,53,16.3,6.5,3.3,2.5,0.3,0.4,0.2,0.515,0.779,1.2
1642280,Trentyn Flowers,CHI,2,2.8,2.0,0.5,0.5,0.0,0.0,0.0,0.667,0.0,0.5
1630286,Trevon Scott,BKN,6,30.4,8.0,5.2,1.7,1.3,0.8,1.0,0.38,0.667,0.7
1631211,Trevor Keels,MIA,8,1.9,1.0,0.3,0.0,0.1,0.0,0.3,0.25,0.0,0.0
1641725,Trey Alexander,NOP,9,12.3,5.2,1.2,1.0,0.7,0.2,0.7,0.514,0.6,0.3
1641998,Trey Jemison III,NYK,13,6.3,1.0,1.4,0.4,0.1,0.2,0.0,0.6,1.0,0.8
1630530,Trey Murphy III,NOP,66,35.5,21.5,5.7,3.8,1.5,0.4,3.2,0.47,0.886,1.8
1642400,Tristan Enaruna,CLE,9,9.5,4.1,1.6,0.8,0.6,0.0,0.3,0.5,0.75,0.3
1641774,Tristan Vukcevic,WAS,49,13.7,9.0,3.0,1.1,0.5,0.7,1.0,0.479,0.784,1.3
1641783,Tristan da Silva,ORL,77,24.7,9.9,3.7,1.6,0.9,0.3,1.6,0.45,0.884,0.9
1641803,Tristen Newton,HOU,1,12.0,12.0,3.0,0.0,1.0,0.0,2.0,0.444,0.667,0.0
1629660,Ty Jerome,MEM,15,22.6,19.7,2.8,5.7,1.1,0.3,2.8,0.474,0.875,1.8
1631102,TyTy Washington Jr.,LAC,16,5.5,1.3,0.4,1.1,0.4,0.2,0.2,0.474,0.0,0.2
1631174,Tyler Burton,MEM,12,25.6,10.8,4.2,1.0,0.9,0.3,1.8,0.375,0.852,0.9
1629639,Tyler Herro,MIA,33,31.3,20.5,4.8,4.1,0.7,0.4,2.5,0.48,0.917,1.9
1642278,Tyler Kolek,NYK,62,11.7,4.4,1.6,2.7,0.4,0.1,0.7,0.435,0.7,0.9
1641890,Tyler Smith,DAL,12,13.8,4.7,2.8,0.4,0.5,0.0,0.8,0.42,0.667,0.5
1631213,Tyrese Martin,PHI,46,16.9,6.3,2.5,1.7,0.5,0.1,1.2,0.394,0.679,0.9
1630178,Tyrese Maxey,PHI,70,38.0,28.3,4.1,6.6,1.9,0.8,3.1,0.462,0.892,2.4
1642878,Tyrese Proctor,CLE,50,10.9,5.4,1.3,1.5,0.5,0.0,0.9,0.413,0.889,0.8
1630623,Tyson Etienne,BKN,24,15.8,7.9,1.1,1.7,0.5,0.0,1.8,0.4,0.833,0.7
1626145,Tyus Jones,DEN,67,14.6,3.0,1.1,2.4,0.6,0.0,0.6,0.349,0.778,0.4
1642845,VJ Edgecombe,PHI,75,35.0,16.0,5.6,4.2,1.4,0.5,2.0,0.438,0.818,1.8
1641705,Victor Wembanyama,SAS,64,29.2,25.0,11.5,3.1,1.0,3.1,1.9,0.512,0.827,2.4
1631246,Vince Williams Jr.,UTA,40,20.5,7.5,3.9,4.2,0.7,0.4,1.4,0.353,0.78,1.8
1642884,Vladislav Goldin,MIA,9,2.7,0.8,1.0,0.3,0.0,0.3,0.0,0.75,1.0,0.3
1630249,Vít Krejčí,POR,65,21.4,8.5,2.3,1.5,0.7,0.3,2.0,0.448,0.745,0.6
1631117,Walker Kessler,UTA,5,30.8,14.4,10.8,3.0,1.4,1.8,1.2,0.703,0.7,3.2
1642383,Walter Clayton Jr.,MEM,69,20.4,7.8,2.0,4.0,0.6,0.3,1.1,0.384,0.901,1.7
1628976,Wendell Carter Jr.,ORL,78,29.3,11.8,7.4,2.0,0.8,0.6,0.9,0.512,0.792,1.3
1631111,Wendell Moore Jr.,DET,6,9.9,1.7,1.0,0.7,0.3,0.3,0.0,0.571,1.0,0.2
1642954,Will Richard,GSW,69,20.0,6.4,2.5,1.3,1.2,0.1,1.0,0.468,0.852,0.8
1642860,Will Riley,WAS,74,22.1,10.3,2.9,2.0,0.7,0.1,1.1,0.439,0.8,1.3
1630214,Xavier Tillman,CHA,30,6.1,1.5,1.4,0.4,0.3,0.2,0.1,0.435,0.25,0.3
1642905,Yang Hansen,POR,43,7.0,2.2,1.5,0.5,0.1,0.2,0.1,0.31,0.824,0.7
1642949,Yanic Konan Niederhäuser,LAC,41,10.3,4.3,2.9,0.3,0.1,0.7,0.0,0.64,0.758,0.6
1642530,Yuki Kawamura,CHI,18,11.6,3.4,1.8,2.6,0.5,0.0,0.6,0.327,0.895,0.8
1642274,Yves Missi,NOP,66,19.7,5.7,5.8,1.3,0.3,1.5,0.0,0.544,0.559,0.8
1642258,Zaccharie Risacher,ATL,67,22.4,9.6,3.8,1.1,0.9,0.5,1.4,0.455,0.644,0.9
1628380,Zach Collins,CHI,10,18.4,9.7,5.6,1.5,0.2,0.4,0.9,0.578,0.7,1.0
1641744,Zach Edey,MEM,11,25.8,13.6,11.1,1.1,0.6,1.9,0.1,0.633,0.781,2.4
203897,Zach LaVine,SAC,39,31.4,19.2,2.8,2.3,0.7,0.3,2.5,0.479,0.88,1.9
1630192,Zeke Nnaji,DEN,52,12.0,3.7,2.6,0.6,0.3,0.5,0.3,0.47,0.773,0.5
1630533,Ziaire Williams,BKN,56,22.9,10.2,2.4,1.1,1.4,0.4,1.5,0.425,0.85,1.1
1629627,Zion Williamson,NOP,62,29.7,21.0,5.7,3.2,1.0,0.5,0.0,0.6,0.716,2.0
1642389,Zyon Pullin,MIN,5,8.5,4.6,0.6,1.8,0.2,0.0,0.2,0.692,1.0,0.6
